구,200601,200602,200603,200604,200605,200606,200607,200608,200609,200610,200611,200612,200701,200702,200703,200704,200705,200706,200707,200708,200709,200710,200711,200712,200801,200802,200803,200804,200805,200806,200807,200808,200809,200810,200811,200812,200901,200902,200903,200904,200905,200906,200907,200908,200909,200910,200911,200912,201001,201002,201003,201004,201005,201006,201007,201008,201009,201010,201011,201012,201101,201102,201103,201104,201105,201106,201107,201108,201109,201110,201111,201112,201201,201202,201203,201204,201205,201206,201207,201208,201209,201210,201211,201212,201301,201302,201303,201304,201305,201306,201307,201308,201309,201310,201311,201312,201401,201402,201403,201404,201405,201406,201407,201408,201409,201410,201411,201412,201501,201502,201503,201504,201505,201506,201507,201508,201509,201510,201511,201512,201601,201602,201603,201604,201605,201606,201607,201608,201609,201610,201611,201612,201701,201702,201703,201704,201705,201706,201707,201708,201709,201710,201711,201712,201801,201802,201803,201804,201805,201806,201807,201808,201809,201810,201811,201812,201901,201902,201903,201904,201905,201906,201907,201908,201909,201910,201911,201912,202001,202002,202003,202004,202005,202006,202007,202008
강남구,76703.14655172414,77245.98985507246,83240.26110607434,79416.83486238532,67217.81081081081,64709.68067226891,74132.55974842767,66426.08070175438,78046.35294117648,81151.52028639617,72226.58421052631,76350.02401372213,60139.567708333336,61114.66455696202,56418.932692307695,67416.18238993711,71905.3425925926,70889.34121621621,67671.37282229966,69396.44545454545,71595.25,69929.02205882352,80755.40229885057,69905.07142857143,78907.42060085837,77564.27547169811,71468.65789473684,79476.94278606965,69722.1462585034,73794.05,72787.91279069768,78463.50877192983,87212.25742574257,78374.48235294118,71818.50450450451,73756.6497461929,89243.78423236514,83593.22916666667,89842.29166666667,90544.42693773824,91512.09523809524,92813.31857318574,90402.28529839884,87121.50620689655,90648.04040404041,92377.61157024793,91144.99190283401,94437.94164456234,91740.82327586207,92126.76351351352,81349.19354838709,83538.6887755102,80637.57763975156,74763.13259668509,75912.78977272728,83850.7684729064,78794.08071748879,86059.31529411765,89311.37755102041,93374.35834609494,83852.96914700544,80907.8078817734,85978.47301587301,77659.32142857143,82395.72222222222,84385.05338078292,86764.17955801105,80053.91614906832,92022.94052044609,86283.5612244898,91118.97083333334,85868.50788643533,77789.04705882353,81642.98591549296,83244.46530612245,82240.78927203066,90971.0,76310.52469135802,83506.5503875969,86019.15267175573,84166.60869565218,81226.49350649351,78474.43081761006,84625.31228070175,87015.85530546623,83917.543814433,90125.0442890443,78548.28450106157,81235.64102564103,81057.76506024097,89774.66233766233,79344.38545454545,83776.26285714285,87932.72208436724,83575.99261083743,82509.26405451448,88691.05804311775,91071.17495711835,93436.87333333334,87499.72292993631,81975.97540983607,88834.39071038252,86344.23706896552,89539.53822152886,92552.55489614244,80845.27411167513,90554.73654390936,83442.03397027601,87771.72093023256,85555.90981012658,91506.02436323366,90238.55597484276,91960.29971181556,94751.1361426256,95757.50850077279,98837.86157517899,95512.22243346008,100406.51589595375,106027.78178368122,98963.57142857143,98086.76727272727,100002.0895522388,94457.39273927393,103690.06141367323,109956.26598465473,110378.51851851853,107260.2600671141,110904.23926380368,112060.08571428571,107440.77222222222,113930.62396694215,118903.16803278688,115853.34928229665,118608.08864265928,119340.84545454546,117904.25525040388,118396.66302521009,120859.23611111111,128595.49803149606,130142.06008583691,126190.84210526316,134069.3719376392,143316.92656875835,145155.4502164502,147117.7819548872,144976.26404494382,144246.34146341463,144643.12977099235,143621.91176470587,156319.3661971831,155196.15384615384,165210.43656207368,171501.38436482084,151305.68148148147,154452.85714285713,148355.76543209876,173070.92105263157,154485.7142857143,155681.20134228189,172314.6551724138,173994.41558441558,179622.36379018612,182288.1724137931,183086.8870523416,186896.1477045908,187130.54285714286,183953.40188679245,171788.69680851063,154908.84615384616,161472.13924050634,170534.07407407407,195356.2068965517,183122.41721854304,181259.091954023,170101.23691460054,192015.5633802817
강동구,39238.8344988345,37131.67507002801,43112.271966527194,39709.69525547445,38867.79574468085,35699.649122807015,34836.336956521736,36570.95714285714,39636.28483353884,42617.59812353401,36866.68366013072,38737.270034843204,32425.97609561753,33878.79425837321,33280.8085106383,34862.909952606635,39749.0,42932.29020979021,38786.72692307692,36032.91370558376,36926.8449197861,37588.101694915254,40422.70612244898,42209.5140562249,37131.97435897436,36384.548484848485,37337.95870736086,38871.0,42093.77209302325,39495.332394366196,40560.21276595745,41175.65536723164,44199.007352941175,39702.1976744186,44500.494736842105,46718.05844155844,45213.30434782609,45317.67988668555,41552.59881422925,40492.53488372093,41061.917057902974,46564.680880330125,45465.66333333333,45764.94387755102,43839.795566502464,44122.356223175964,41359.12560386473,46719.51515151515,43853.870786516854,41215.81549815498,41458.53913043478,41153.57931034483,43470.29508196721,44702.318181818184,43530.43165467626,42790.368055555555,45572.72448979592,43200.355685131195,45799.002857142856,46694.505347593586,43833.8747300216,42613.38567493113,40834.85852090032,40724.14218009479,49675.01486988847,43906.97572815534,44575.37586206896,41175.1433447099,42544.560538116595,42493.48547717842,42856.0,45424.95510204082,44664.06493506493,44230.67647058824,43432.82786885246,45010.25925925926,39822.09465020576,42254.229007633585,44177.4224137931,40343.375939849626,45974.041666666664,43445.0,42218.96666666667,41501.11386138614,38468.46332046332,41924.03726708075,42418.871391076114,41288.356164383564,39879.31316725979,40430.94262295082,42091.14569536424,41202.954545454544,42806.78151260504,41913.27077747989,41521.041666666664,42600.87378640777,44126.980609418286,41389.045368620034,40015.336152219876,44174.217194570134,41754.9344978166,42160.84507042253,41602.18237082067,42326.60130718954,44320.504385964916,43191.890862944165,42982.49163879599,33407.947895791585,41684.489130434784,44107.48529411765,43426.46318289786,46545.43657331137,46043.30997876858,46071.786516853936,48596.252727272724,46877.608040201005,48968.4222737819,48328.445807770964,47597.68831168831,44849.7479338843,46846.25514403292,43862.941422594144,47249.32867132867,49431.910476190475,49905.99811676083,50636.04559748428,50426.031198686374,52255.0,51566.92213114754,53621.78133333333,51107.88590604027,51914.50777202073,55205.601156069366,52126.792079207924,52154.83975659229,57742.93511988717,56784.156616415414,55973.57777777778,61678.61754780653,57767.52173913043,59767.38305084746,58475.617647058825,64236.666666666664,62958.18385650224,65030.79809004093,62507.92291220557,60937.425287356324,57345.541401273884,56007.48663101604,61499.22705314009,64395.14388489209,70940.02567394095,72324.31754874652,65851.95652173914,61582.76,57742.42424242424,54596.5,58745.333333333336,63776.21951219512,63821.25,73840.63636363637,77267.7101910828,75380.15113871636,76337.14659685864,77289.74038461539,73700.66529492455,77404.58715596331,71374.53987730062,65284.520958083835,69464.54987212276,63053.030303030304,65597.65625,70376.8670886076,87493.09551208286,87722.25806451614,90952.9203539823
강북구,18964.90740740741,20046.40776699029,20756.01818181818,20827.679738562092,20750.693641618498,21192.96551724138,21142.805755395682,20588.95,22276.096202531644,21856.954545454544,21264.68051118211,21960.60606060606,20469.565217391304,22373.796296296296,21575.636363636364,23401.98347107438,23319.17525773196,23870.754716981133,23471.571428571428,25603.070175438595,25538.67924528302,28125.49738219895,26394.747474747473,28704.0,28347.983193277312,29022.80701754386,29545.492227979274,32334.668674698794,34640.08904109589,33354.62962962963,33544.339622641506,32962.884057971016,34176.470588235294,30192.30769230769,34645.454545454544,30787.5,32135.9375,29921.428571428572,30968.852459016394,30287.835051546394,30052.5,30580.66037735849,29254.019607843136,31971.280303030304,33727.86554621849,32910.48387096774,31683.75,30878.571428571428,32777.5,29206.86274509804,32088.0,30230.882352941175,31035.384615384617,29488.636363636364,29366.5625,29055.405405405407,30835.0,29225.0,32577.58620689655,31046.702127659573,31591.666666666668,30329.65811965812,29697.610619469026,32459.21052631579,29455.671641791047,31508.86075949367,31067.46835443038,29367.582417582416,30595.428571428572,30789.87341772152,29635.342465753423,30706.521739130436,30796.77192982456,30084.939759036144,30367.105263157893,29053.376623376622,27620.16129032258,30356.896551724138,28837.719298245614,31025.49019607843,28703.90625,29180.117647058825,30721.0843373494,31080.76923076923,30413.157894736843,29493.837209302324,30274.959349593497,29413.928571428572,30597.094017094016,30162.333333333332,29737.761194029852,29744.026548672566,31792.85714285714,32059.0625,30196.181034482757,31055.275510204083,31496.858407079646,32094.4966442953,31132.23076923077,31246.315789473683,32605.0,32009.00900900901,31451.327433628318,31055.442176870747,32225.612903225807,33801.60583941606,31570.208333333332,31320.408163265307,30133.01204819277,31523.374384236453,31218.38905775076,31450.801526717558,32152.49042145594,32073.514644351464,33751.063829787236,33586.601941747576,32637.112068965518,34829.91452991453,34473.42105263158,36113.57142857143,33259.89655172414,33973.97959183674,32826.03550295858,32092.71523178808,33910.944444444445,35054.11504424779,37427.69565217391,37479.12371134021,38435.345622119814,37816.60633484163,36970.87912087912,36062.179487179485,36322.41379310345,36423.333333333336,36550.0,34241.89189189189,34823.64077669903,39749.555555555555,38514.967625899284,37755.725190839694,39023.82550335571,37002.80303030303,40122.51655629139,32746.854304635763,40185.17441860465,40024.31707317073,41639.55017301038,41788.75,40995.401459854016,41452.903225806454,42989.60396039604,44358.940809968844,45296.94174757282,41472.72727272727,41617.391304347824,42464.634146341465,44962.06896551724,42019.117647058825,44155.833333333336,42236.22641509434,42077.5641025641,43133.793103448275,44789.44827586207,44995.703125,44189.33823529412,48961.0243902439,51210.9947643979,50455.06072874494,46467.60383386582,51212.21374045801,53343.167701863356,49934.84848484849,51229.09090909091,59936.72922252011,60203.398058252424,57374.02597402597
강서구,25068.472622478384,26518.389583333334,27534.87400530504,26201.818518518518,22607.339805825242,21697.031325301206,21920.50397877984,23176.673151750972,23712.28869374314,27150.490797546012,25349.703653585926,24539.444897959183,21107.297777777778,22127.707446808512,21660.037453183522,22977.87214611872,25012.823529411766,24656.32340425532,23551.075539568345,23546.87351778656,27378.40234375,27656.610526315788,27323.538216560508,27520.471760797343,27331.101910828027,28176.65274151436,26905.21582733813,29276.090643274852,31358.39546191248,32653.967741935485,30663.536964980543,30701.073529411766,34325.63157894737,32496.048192771083,32268.584905660377,32919.903225806454,36006.11111111111,37378.97844827586,31319.762411347518,34844.17794486215,35980.487323943664,35005.56374501992,34806.42299349241,34908.204339963835,34977.03324808184,32011.076555023923,34392.121212121216,34750.5325443787,35210.59829059829,34869.41176470588,33653.68932038835,33030.73825503356,33449.89908256881,33397.10526315789,34857.21153846154,30689.32773109244,32755.20472440945,34024.84331797235,35147.12847222222,36285.01365187713,36012.81862745098,33949.21146953405,33274.25867507886,33304.77678571428,35229.72549019608,35033.805,33698.15425531915,30536.512027491408,32323.4008097166,34282.96460176991,33983.90625,33050.41935483871,33386.339869281044,32568.991031390135,32433.43137254902,31336.057142857142,30739.52808988764,31581.604838709678,28522.717391304348,29660.94827586207,31963.9263803681,33301.46341463415,32062.619047619046,31213.391959798995,32717.39644970414,31877.55769230769,31386.07341772152,31948.677966101695,31695.652173913044,31542.31818181818,30475.050505050505,31621.114649681527,34094.29805615551,32790.961904761905,36679.26845637584,33060.15015015015,34381.75125628141,34504.52060737527,33567.720982142855,33376.79104477612,31498.3908045977,33728.47107438016,34301.096096096095,38051.92181818182,33768.93039049236,33906.90781563126,35484.0206185567,33908.23273657289,33150.70580296896,33305.36912751678,35022.45658263305,35550.12814070352,36640.82892690513,35225.3801843318,35833.02631578947,36727.79151943463,39825.217391304344,39114.694485842025,39051.390428211584,38666.816,36695.534545454546,36745.77922077922,37236.99173553719,38863.12974296205,40015.71247113164,44536.26847034339,44567.10684273709,45214.91549295775,45205.58626465662,46684.281899109796,43899.98545454545,43422.99494949495,37899.81407035176,42006.340579710144,40348.61804222649,44566.32516703786,46913.19083023544,46065.4711751663,46872.024539877304,47430.350877192985,50948.55218855219,50703.96694214876,52650.576441102756,52158.81194690266,51983.402140672784,53096.623611111114,51263.97727272727,49710.357142857145,51839.420731707316,50164.223333333335,54197.03549060543,56489.41721234799,56035.93650793651,54205.65476190476,48924.67532467532,46371.56626506024,44664.1975308642,48354.79452054795,44992.02564102564,49594.32624113475,54949.29648241206,57478.90099009901,63041.68,59025.217391304344,61646.47239263804,63580.475382003395,65290.759930915374,62765.460030165916,62532.44075829384,61398.24618736383,57556.8016194332,54886.18279569892,62302.153846153844,66505.83982300885,68768.72518286311,69844.67010309278
관악구,24795.224719101123,26154.527687296417,26620.654911838792,26881.662468513852,26150.121951219513,27844.04716981132,25312.432432432433,28071.102040816328,28563.166666666668,28105.246088193457,26809.210191082802,27525.805653710246,26611.742424242424,25839.280991735537,27173.636363636364,27992.01438848921,28528.875,29264.555555555555,30191.553299492385,29352.58620689655,30057.020979020977,31774.336492890994,31782.304964539006,33531.1875,31799.06914893617,33304.52307692308,32644.403669724772,35566.846153846156,35499.23102310231,37172.06,36245.416666666664,34957.0,34119.84375,35497.04878048781,30821.153846153848,31884.25925925926,36944.36734693877,34223.32727272727,34284.710743801654,36711.5,36072.49484536082,35608.381642512075,35679.73568281938,36673.39160839161,36370.36885245902,36067.13636363636,36139.86170212766,35484.34782608696,34316.68831168831,36121.618055555555,34960.88888888889,33889.61038961039,35025.882352941175,33735.625,36502.333333333336,34551.38888888889,32616.09649122807,35739.01098901099,35050.22935779816,35482.65957446808,34489.227642276426,35890.36437246964,35651.62561576354,36109.032258064515,35714.598540145984,36565.04424778761,34500.59259259259,35740.923566878984,35068.11688311688,35256.43382352941,37151.63043478261,34140.39215686275,32337.032967032967,34139.608695652176,34648.25362318841,33674.509803921566,34483.698113207545,34753.84523809524,27317.47474747475,25065.31868131868,29828.672413793105,33714.84076433121,33353.93700787402,30237.043795620437,29581.39534883721,30718.076923076922,31507.66497461929,30282.42105263158,32243.660465116278,32911.41975308642,28989.943089430893,33179.86175115207,34305.38461538462,35696.0,32783.40425531915,34446.344086021505,34487.79527559055,33764.0074906367,35553.43984962406,34162.34375,33180.93525179856,33212.096774193546,35064.73429951691,35225.97165991903,34651.299270072996,33309.336734693876,36906.778846153844,35898.39108910891,35016.01016949153,35692.02564102564,35452.43220338983,36013.69387755102,35546.97932816538,37134.59445843829,37262.86956521739,36887.35135135135,38243.42465753425,37053.89743589744,38594.52736318408,36943.47222222222,36144.744897959186,36821.17222222222,36856.456747404845,36948.707792207795,37478.77,38515.12188365651,38242.153846153844,38762.579617834395,40502.170818505336,39919.90651558073,39289.434389140275,36793.46153846154,37222.75903614458,37997.979797979795,39715.41935483871,38838.37630662021,41060.22167487685,41194.678899082566,40993.73303167421,40480.631313131315,42427.84462151394,42507.990196078434,42289.77678571428,42210.150862068964,44612.29508196721,45471.54494382023,45606.086956521736,44855.13966480447,47110.31553398058,49434.307692307695,49898.47389558233,49573.692957746476,49837.67955801105,48892.91044776119,45941.96610169492,39950.0,35048.65853658537,41866.25,46528.9156626506,46614.431818181816,49134.642857142855,51593.16939890711,54023.1914893617,54053.05825242718,55435.49222797927,56105.982035928144,58210.9,57172.6148409894,57154.97872340425,57773.49152542373,56261.1797752809,55616.11510791367,55985.27607361963,65934.76953907816,60074.806666666664,58449.39024390244
광진구,37577.142857142855,40002.43523316062,40605.46125461254,40077.10843373494,40998.19188191882,40786.464052287585,36250.15151515151,38208.92523364486,39746.41061452514,43943.898734177215,43660.280373831774,42736.06796116505,47647.22222222222,36548.023255813954,42734.55882352941,38751.91935483871,40651.854545454546,44512.142857142855,40558.875,46768.45945945946,48592.96875,50148.101265822785,45187.36111111111,49272.64772727273,53314.95327102804,46309.375,47563.969849246234,47639.79581151832,52556.6,49562.903225806454,51789.68253968254,47556.12244897959,53293.93939393939,48659.61538461538,60537.5,49022.619047619046,51002.409638554214,52358.05369127517,54011.710743801654,50833.16888888889,54765.69934640523,51581.88510638298,51589.583333333336,51640.08620689655,55524.49056603773,51852.12790697674,59660.307692307695,50937.66233766234,51638.842975206615,60425.336134453784,67166.83653846153,49128.301886792455,59483.333333333336,50939.21568627451,58496.37096774193,48651.063829787236,53966.101694915254,55964.28571428572,67595.94696969698,60674.948387096774,56319.89102564102,55560.294117647056,56318.46846846847,54632.6,54928.78461538462,50563.46153846154,53640.985714285714,50355.232558139534,48903.48837209302,51966.25,55620.666666666664,50532.307692307695,48223.52380952381,60677.739583333336,57600.0,53135.38461538462,55396.153846153844,53642.10526315789,51348.75,50181.13636363636,46499.029411764706,52600.892857142855,54232.705128205125,61532.86567164179,48118.75,50915.82278481012,51480.586776859505,50283.482142857145,51503.9406779661,53937.13392857143,49407.5,51235.02272727273,50177.958333333336,54851.74846625767,49727.735849056604,52909.22302158274,52370.1,55176.63101604278,50645.72327044025,49820.23703703703,59918.485148514854,51735.294117647056,57938.23529411765,57924.55497382199,53433.45070422535,57164.912280701756,56251.3698630137,54148.56451612903,53688.913265306124,52489.240837696336,55542.89768976898,55126.55707762557,55567.870588235295,54900.64571428571,55150.4081632653,53363.56428571429,59460.343373493975,59600.83798882682,61540.05847953216,62705.51282051282,54783.67346938775,54681.442307692305,41770.70796460177,60815.167464114835,56935.07537688442,59406.463878327,61460.71698113208,59274.18032786885,65506.69491525424,64269.894366197186,64047.30434782609,63331.30841121495,60500.67567567567,61040.19607843137,61479.63888888889,56358.80952380953,65435.225895316806,63166.609589041094,68929.95327102803,71504.52380952382,70598.49462365592,72630.35714285714,70163.47150259068,75893.79310344828,78410.76655052265,78039.80891719746,76162.33333333333,81944.72602739726,71684.48333333334,73898.3870967742,79247.72727272728,83468.02621722847,86926.81818181818,87042.45283018867,89615.71428571429,74543.25806451614,67265.5172413793,74889.28571428571,74380.87719298246,83356.0,87293.93939393939,88718.25396825396,92066.97247706422,92201.67512690356,95700.53691275168,99424.39597315436,97381.00444444445,99855.68181818182,93384.12698412698,91018.26086956522,93927.88461538461,81679.48717948717,92418.18181818182,106298.25327510916,109700.0,110983.84615384616
구로구,22939.205607476637,22534.148235294117,23659.4544,22371.41414141414,23275.450819672133,21992.755474452555,22121.846846846845,23007.908496732027,23430.968446601943,24973.6660268714,21708.26582278481,21007.14876033058,20953.02310231023,21339.06976744186,22667.296072507554,25194.46120689655,23996.728110599077,26517.34944237918,26272.830769230768,24530.553571428572,26546.82593856655,27570.708446866483,26105.584905660377,27751.584507042255,26069.88253968254,27304.768194070082,28140.46956521739,30962.602230483273,31770.485651214127,33980.50131926122,31814.3661971831,31754.794520547945,29829.896907216495,30622.83582089552,32631.25,30605.862068965518,33779.0987654321,33803.83561643836,33009.94082840237,34742.24615384615,32597.310344827587,33515.13005780347,34032.067901234564,34236.163895486934,32606.625352112675,32737.61722488038,32866.04605263158,32837.97837837838,34095.72857142857,32370.442857142858,28714.29223744292,29404.541401273884,30496.95238095238,31070.25,31583.247311827956,30856.21568627451,30776.8125,30040.46511627907,32192.772321428572,33667.87725631769,33205.19390581718,32536.413994169096,30869.066666666666,33539.188679245286,31632.47474747475,32284.38418079096,32233.060344827587,32637.73092369478,31164.733031674208,30816.03043478261,32582.946666666667,30381.57476635514,31733.751937984496,30383.261467889908,29615.809523809523,30601.43137254902,30977.761194029852,29504.025423728814,29696.410256410258,29241.07843137255,30860.507246376812,30173.342465753423,30675.575916230366,29880.625899280574,30727.963963963964,29896.744897959183,32572.19344262295,30834.181547619046,30930.797101449276,29773.028,31480.701149425287,31502.601796407187,31070.0953307393,30795.19849246231,30894.04910714286,31909.916398713827,32990.915567282325,31439.036697247706,31291.627956989247,31703.207951070337,30499.344262295082,32724.95867768595,33940.98907103825,33164.79918032787,33070.72761904762,32079.849099099098,30987.031545741323,31291.006024096387,31552.19661733615,32504.675456389454,33846.91082045184,32999.86842105263,32202.448132780082,34400.86,33619.64467005076,34543.83817427386,34545.04201680672,34942.29824561404,34193.557422969185,33746.57024793389,35066.72354948805,33570.19169329073,34079.78723404255,34913.29457364341,33436.910112359554,35893.25153374233,36366.390625,36163.192307692305,38096.3108348135,37652.81055900621,36730.58823529412,35403.794642857145,35539.320388349515,35882.66447368421,36062.73058252427,36778.777537796974,39754.213036565976,39497.5468975469,41280.95469255663,38641.20065789474,40017.554945054944,39883.066666666666,39924.20886075949,43623.8782051282,43296.276,42950.149253731346,42229.561243144424,41791.065830721,40630.48231511254,42756.28342245989,45278.7037037037,46004.522613065325,44048.185,42265.725581395345,42153.913043478264,37910.34482758621,40017.47474747475,40303.57142857143,39370.73170731707,42235.91616766467,44917.391304347824,44699.28813559322,51912.587601078165,54625.26315789474,51900.0,54844.1280148423,56288.7652173913,53108.246062992126,50933.6230248307,50332.52613240418,48821.48867313916,46793.23144104803,49712.40223463687,58079.65974625144,61311.570397111915,58499.489795918365
금천구,18344.67469879518,18745.394736842107,19171.9754601227,19750.57803468208,20814.155844155845,19509.436170212764,20648.91379310345,20200.451219512193,20686.44705882353,21914.227941176472,20942.66575342466,21000.782857142858,22249.282608695652,20088.31683168317,18613.08219178082,21199.78494623656,19534.024390243903,20874.633027522937,21920.47619047619,23074.64912280702,22323.846153846152,23288.853260869564,22488.1,24356.21495327103,23264.12162162162,23516.842105263157,26071.785714285714,28515.128205128207,29213.880829015543,29744.264705882353,29724.21052631579,28977.272727272728,29719.565217391304,27040.0,20714.285714285714,33460.0,23920.58823529412,24875.37037037037,25714.545454545456,26033.87323943662,26213.97435897436,28959.35064935065,26112.7875,28417.2,27468.503937007874,29105.443037974685,26980.208333333332,27504.347826086956,27419.444444444445,30222.41379310345,28004.62962962963,28667.924528301886,25994.871794871793,26210.076923076922,25591.666666666668,24101.86046511628,24978.409090909092,27321.91780821918,27215.068493150684,26047.333333333332,27945.408163265307,27259.223300970873,27316.782608695652,25665.0,27394.33962264151,25901.639344262294,26244.237288135595,24598.045977011494,26053.333333333332,25532.878787878788,25493.650793650795,25948.333333333332,26480.0,25883.333333333332,25185.632183908045,25287.69230769231,24420.178571428572,23904.761904761905,25714.285714285714,26380.0,26443.103448275862,25331.884057971016,25367.045454545456,25988.650793650795,24443.96551724138,25544.0,24993.603603603602,24509.04761904762,26300.97087378641,25718.18181818182,24133.493975903613,25669.1935483871,26369.924812030076,24817.76073619632,25016.98113207547,21025.303030303032,27071.545454545456,25494.962686567163,27608.923076923078,26382.2,26668.88888888889,26814.98979591837,26785.61797752809,25960.563380281692,23477.9754601227,25561.25786163522,25745.462184873948,26677.582417582416,24859.14465408805,24111.31868131868,27486.90272373541,28018.725609756097,29036.080459770114,27851.714285714286,29126.005154639177,29178.70056497175,30488.2,32759.67213114754,30876.333333333332,28818.779069767443,30206.79012345679,29841.224489795917,29708.38125,30849.21568627451,30550.492753623188,29389.204545454544,31836.666666666668,32720.666666666668,34043.858695652176,33729.95305164319,32711.69811320755,32675.0,32789.634146341465,33484.7191011236,32415.0,32462.0625,33766.73575129534,33278.137055837564,33466.78571428572,32518.947368421053,36198.4693877551,33368.81188118812,35171.90476190476,33177.0,34827.27272727273,36605.90909090909,37171.329479768785,37131.83908045977,36164.14893617021,39184.46601941747,38399.710144927536,38435.875,38486.64948453608,38529.35779816514,39864.28571428572,40970.454545454544,38075.0,35309.34782608696,39189.50617283951,40261.72839506173,43190.5,40139.0625,41080.44585987261,44061.843971631206,43595.177142857145,47142.39024390244,46730.51282051282,44284.96240601504,47821.48,45375.94594594595,36773.75,41611.1320754717,45000.50505050505,48519.73684210526,50791.47727272727,60259.32203389831
노원구,16145.638095238095,17589.742177722153,19233.08527827648,18243.81345565749,18513.471861471862,18123.04954954955,16956.23711340206,18053.239361702126,18962.18163771712,20462.000787401576,19101.856820380523,17934.087161366315,18521.094052558783,17936.318264014466,17836.03734439834,19130.63914780293,17801.045548654245,20078.673619631903,20394.797164667394,20183.501199040766,20478.277008310248,21766.842869342443,23309.8701171875,22794.618743343985,24793.719806763285,26177.27696289905,30229.265073947667,35224.95472837022,34822.65270506108,33043.833333333336,31197.834196891192,30956.63120567376,30971.07438016529,26690.396039603962,25803.79746835443,27346.75925925926,26447.056277056276,26721.317494600433,28690.47557840617,29628.216666666667,29069.939209726443,29547.610035211266,29691.258644536654,30727.544052863435,32644.725609756097,30777.764705882353,33017.47,29402.65109034268,29666.292746113988,28565.92439862543,28427.549019607843,26612.449579831933,26310.91176470588,26711.12676056338,26246.59793814433,27624.58762886598,27541.614035087718,27242.13893967093,28602.1744,29248.370967741936,28696.491097922848,28615.640138408304,28888.645598194133,28686.311881188118,26581.64456233422,26674.96143958869,25880.762910798123,26587.85714285714,27053.257575757576,27411.07311320755,27576.129032258064,27007.40740740741,25340.26785714286,25249.962871287127,25879.64,26070.434782608696,24399.20512820513,24768.889655172414,24130.669456066946,23834.67226890756,24604.370666666666,24969.738134206218,26344.650205761318,25453.43556701031,25459.12676056338,25804.79069767442,25748.743777452415,25838.53711790393,24488.538102643855,25865.0,24885.472972972973,26478.478632478633,27190.421118012422,27787.95561357702,27272.545454545456,28134.016393442624,27281.5873015873,26305.342136854742,26714.121887287023,26171.531954887218,26595.443925233645,26460.757299270073,26392.19551282051,27511.24678362573,26634.90456431535,27605.62115621156,28897.246891651866,28846.55518394649,27552.15294117647,27460.193584070796,28142.66983695652,28332.59817351598,28386.0318275154,28138.350563909775,28332.722273143903,27790.478216818643,30319.921077065923,29749.507819687213,30608.185185185186,31298.696537678206,30199.159680638724,30471.203180212015,28667.569027611044,28932.00542888165,28791.86126526082,29670.610169491527,30732.60640920296,30974.269196025292,32355.94891774892,34571.44940239044,33921.29646697389,33984.71783295711,32224.35158501441,32860.018315018315,31891.789906103288,31545.125,32290.89857045609,33668.71693121693,35885.50555849656,35969.045340050376,36743.81153846154,36379.4649122807,36365.35839160839,37732.39092495637,38414.48275862069,38092.43670886076,36824.266370699224,37779.8024691358,36623.991130820395,38879.74801587302,40803.45238095238,38483.563462559745,39954.98542274052,44215.82191780822,40084.21052631579,39346.0,37882.032679738564,40398.958333333336,37998.42465753425,39953.43859649123,41157.54672897196,44103.690936106985,43842.78538812786,45705.457627118645,46019.71340523883,46052.25777777778,47810.49508489723,43256.0250240616,46471.54601226994,45900.73593073593,46298.256,45715.32258064516,47741.53721682848,50320.80579710145,55959.89247311828,56768.05860805861
도봉구,16775.551020408162,17199.30362116992,18125.906392694065,18987.786458333332,18448.077956989247,16491.447368421053,16421.21212121212,17510.607565011822,17552.23417721519,19715.20222446916,20864.337916063676,18146.208333333332,16471.817480719794,17144.183333333334,17662.536643026004,17454.0,19517.679324894514,20113.2078313253,20333.516483516483,20192.34375,21358.85802469136,23041.512415349887,22631.345177664974,22540.305263157894,24322.37218813906,25150.75780089153,27890.852272727272,31724.643423137877,33452.52747252747,33964.17748917749,33050.44117647059,30179.012345679013,34262.857142857145,29349.6,34516.12903225807,25426.136363636364,28185.567010309278,30412.101910828027,26912.01923076923,29183.48184818482,28481.719298245614,30583.01310043668,28996.08040201005,29670.60650887574,31256.382978723403,31792.14285714286,28701.239669421488,28477.758620689656,28960.11111111111,30720.37037037037,27848.502994011975,28687.98076923077,26022.07207207207,26469.892473118278,25693.3,25257.12962962963,27722.681159420288,27066.008771929824,25412.248091603054,28555.138339920948,27224.01785714286,26988.38827838828,27065.10714285714,26197.885462555067,27742.886597938144,27353.141361256545,25404.47619047619,26218.35714285714,25771.18483412322,28769.65317919075,27205.281690140844,26102.96052631579,26147.292993630574,25818.557213930348,25711.19512195122,25050.25316455696,25154.437869822486,25999.831932773108,26242.153846153848,23435.289256198346,25865.766871165644,24618.906882591094,24596.508875739644,24316.158536585364,26363.86740331492,26367.510917030566,25119.814814814814,24587.438650306747,24933.45425867508,25413.20796460177,24497.12918660287,25320.79649122807,26461.93181818182,26833.021978021978,27857.54716981132,28121.359649122805,27172.724137931036,26280.586734693876,26796.761329305136,26665.652173913044,24638.771186440677,26928.963963963964,25630.508474576272,27008.61386138614,26506.287234042553,26416.305637982197,26144.936170212764,27503.103448275862,27372.402088772847,27958.407960199005,27047.170953101362,26438.538011695906,28043.199105145413,27496.334056399133,27105.057251908398,28650.17948717949,27719.754464285714,27894.263736263736,29032.536496350363,30212.727272727272,28732.357723577235,27568.484848484848,28376.143216080403,29930.29490616622,29190.83146067416,28547.286971830985,29646.79963235294,30625.43524416136,30653.74458874459,31543.902702702704,31690.631970260223,30840.277777777777,30441.106918238995,30547.834645669293,30401.501340482573,31539.354838709678,32343.543599257886,31684.11716171617,33587.46290801187,34267.30434782609,34341.27753303965,32875.18348623853,34335.42,35120.129310344826,33761.72922252011,36072.62983425414,35523.93650793651,33800.0,36252.37556561086,36582.769230769234,37260.01529051988,35280.357142857145,36650.85784313725,36969.18918918919,36536.91588785047,36688.0,33544.28571428572,33949.32432432433,36006.25,34126.0564516129,38185.25974025974,39722.71034482759,39560.13311688312,39251.233050847455,41836.21033210332,42091.1004784689,44413.61111111111,43606.19047619047,44022.34332425068,43729.27046263345,40902.24025974026,40221.608040201005,40706.014234875445,42488.603550295855,47074.38333333333,48086.029411764706
동대문구,24456.494505494506,24701.744565217392,25622.421404682274,26030.653846153848,26771.673640167362,27059.80132450331,25785.421348314605,25196.78879310345,27496.326530612245,28624.019345238095,27208.317626527052,26277.1246105919,27160.666666666668,22721.924242424244,24285.504918032788,25067.58371040724,27273.916083916083,29413.25,30372.28125,28366.543478260868,29902.555555555555,30269.492700729927,30644.79381443299,30648.572093023256,30395.509708737864,30671.24481327801,32797.27944572748,34488.42307692308,38506.86941580756,37093.2429906542,36764.94827586207,35711.71875,34478.260869565216,33703.83783783784,34375.0,30585.8,34034.102040816324,32515.34,32683.014492753624,33830.2538071066,34749.585635359115,35800.51813471503,35757.90099009901,37533.79268292683,37246.36956521739,36680.555555555555,33911.833333333336,34487.40458015267,38421.84962406015,37646.95714285714,36390.07575757576,34629.2,33880.879310344826,34157.142857142855,36026.470588235294,32862.68656716418,36100.71428571428,34186.029411764706,35458.50340136055,35200.967741935485,34211.929824561405,34399.41747572816,35150.94088669951,35595.738853503186,35542.80672268908,35999.09565217391,34753.83098591549,33089.26174496644,35583.066666666666,35200.34482758621,36034.62962962963,34481.625,34260.10526315789,32244.890510948906,33508.88888888889,36862.945054945056,36167.793333333335,31406.061946902653,34697.41935483871,31990.626666666667,33408.47967479675,34585.898734177215,34089.075630252104,36890.41758241758,31601.96923076923,32668.478260869564,32972.66071428572,34515.944444444445,33481.87573964497,32884.4578313253,33583.87096774193,32407.213930348258,33952.46212121212,34472.94594594595,34975.85365853659,33657.43961352657,30331.829268292684,33941.28378378379,36232.10227272727,33949.059907834104,32591.796296296296,34377.766497461926,33772.97872340425,32947.36781609195,33269.8962264151,35775.80377358491,35772.023148148146,36152.71028037383,35469.56545961003,35826.1963190184,36526.204081632655,37159.204545454544,36940.39772727273,37174.43569553806,37157.91044776119,38292.36559139785,39161.87535410765,40019.58609271523,40615.746411483255,41650.06451612903,39542.00552486188,38183.76963350785,40999.44107744108,40535.671469740635,39964.47712418301,40915.62937062937,42884.01826484018,42970.66831683168,44650.56613756614,43898.89848812095,42078.11715481171,41730.46296296296,39970.61494252874,42057.00854700855,43487.72435897436,43603.17507418398,45378.48017621145,47025.5,47919.53358208955,40503.76666666667,43275.21235521235,47994.2194092827,47939.894366197186,48774.33774834437,49383.09090909091,48908.22404371585,47260.32432432433,49575.85034013606,48459.47368421053,50122.61627906977,52470.44642857143,57754.165103189494,56584.17721518988,51284.58904109589,41127.23577235772,42512.77777777778,38199.056603773584,45757.164179104475,50375.444444444445,57872.15053763441,50633.360655737706,59709.183673469386,59423.11643835616,61447.73519163763,63025.54054054054,61006.806282722515,61149.12472647702,58620.54669703873,60782.48251748252,62344.85294117647,58128.43023255814,60314.88524590164,62730.0,72881.63841807909,72201.60305343512,76433.77483443709
동작구,33765.619047619046,34862.11038961039,36448.18987341772,36036.92225201072,34795.73883161512,34247.7304964539,34267.35668789809,35147.1568627451,37913.072625698325,39403.05605786618,37246.59226190476,37059.204545454544,39900.06741573034,35628.43137254902,35854.96240601504,38456.382978723406,39391.75257731959,39781.16788321168,38140.26315789474,40942.4375,39486.92307692308,42752.763819095475,41955.85611510791,43795.12987012987,42299.5,41763.92105263158,43862.57288135593,44792.99676375405,45502.56505576208,47197.089947089946,43995.612068965514,43936.607142857145,47152.205882352944,51667.67857142857,47072.72727272727,45883.58064516129,45199.35064935065,49251.503759398496,43446.91176470588,47027.88686131387,48418.05319148936,48266.19402985075,46235.76388888889,46607.98192771084,48184.14682539683,46796.38655462185,48786.59793814433,44932.7868852459,46391.38888888889,48767.68595041322,48036.11627906977,45746.794871794875,43574.28571428572,45728.11320754717,45900.32786885246,45276.5625,46732.86842105263,46301.3986013986,49663.59090909091,47299.45531914894,47701.77734375,45343.47465437788,45485.80952380953,45867.25966850829,47630.26717557252,46527.72727272727,43565.866197183095,44644.54022988506,42362.83185840708,47080.948905109486,52701.06569343065,53544.109589041094,47329.22077922078,49245.08196721312,49794.81879194631,46462.41379310345,46564.60784313725,44772.2962962963,44933.05263157895,45463.88888888889,44291.91818181818,49366.00543478261,49742.11184210526,44453.9175257732,44344.68,47521.917721518985,48666.2705882353,46994.37453183521,46962.03448275862,48690.49523809524,51237.27272727273,46116.14847161572,50187.57388316151,49945.24161073825,49317.0,47164.370078740154,48226.698005698,46081.287153652396,48431.95317725753,46615.074257425746,46695.75362318841,46553.51184834123,45350.44843049327,47800.20134228188,47231.44970414201,47770.75625,46387.679069767444,47843.775933609955,48538.9552238806,48566.730964467,48961.91626409018,49917.05930470348,49884.34422110553,50594.58525345622,51921.79669030733,51921.51125401929,36088.31523378582,50642.8141809291,52093.19285714286,52438.326315789476,51985.1,54149.044117647056,50513.81470588235,53040.356164383564,53273.56294536817,56715.37162162162,57558.34219858156,58754.954545454544,57845.84645669291,58244.23674242424,58521.65677966102,57123.0,57348.12949640288,57109.781659388645,58622.680722891564,57757.77202072539,58873.842391304344,62406.838966202784,64670.19130434783,62207.925531914894,64779.924812030076,63428.43866171004,64920.51282051282,65060.080428954425,67217.71799628943,66744.9548192771,68821.98653198653,66076.50684931508,65696.99421965318,70508.04020100503,73874.88970588235,81102.16919739696,82664.42953020135,75406.8493150685,70577.90697674418,70412.72727272728,72127.17391304347,71498.4375,71634.09090909091,73639.28571428571,78743.49593495936,83495.87391304348,84652.14899713467,87385.43378995433,84491.39830508475,87824.4,88846.2643678161,88963.18327974276,81955.36585365854,87603.94565217392,82646.15384615384,83128.0,86810.13513513513,93929.85018726591,101381.71487603306,99190.49079754601
마포구,33524.63687150838,35580.56768558952,35036.96246648794,35718.68686868687,32506.222591362126,31033.406593406595,31000.114942528737,32149.476534296027,33824.34519572954,36368.48080133556,35359.38596491228,35621.11553784861,32943.04347826087,35589.01,32381.573033707864,32970.15625,34711.55172413793,33293.333333333336,34469.35897435898,34093.79518072289,38045.32467532468,37944.763392857145,39659.0101010101,40107.99502487562,40150.586776859505,39007.41630901288,40625.06504065041,42877.36163522013,44687.35684647303,48039.0,44041.29824561404,44357.692307692305,41695.98148148148,40910.35294117647,38639.1282051282,39924.41860465116,39821.85585585586,41971.03424657534,43693.92349726776,46361.76727272727,45790.45283018868,47555.68093385214,49579.00347222222,47782.10031347963,46252.51320754717,49644.63101604278,47130.95238095238,46040.3828125,46027.34972677596,45539.21487603306,44866.32450331126,43656.53846153846,41555.93220338983,48634.59459459459,42281.333333333336,48184.88524590164,44697.425,44559.360544217685,46459.03211009174,46654.03381642512,46307.38148148148,46573.20603015075,47062.075675675675,44087.438016528926,48678.705357142855,45629.970588235294,51798.84782608696,45322.90551181103,45308.66141732284,47213.1171875,46469.9756097561,47735.507575757576,42013.59223300971,45316.29565217391,44178.15217391304,54186.354838709674,49311.62893081761,44853.529411764706,52535.20481927711,42021.583333333336,69168.83333333333,44948.49206349206,67002.14772727272,65749.65161290322,81824.4,66148.61904761905,67089.65863453815,57767.4246031746,55750.088461538464,57690.70614035088,61961.4375,46161.857954545456,44703.74458874459,47359.64794007491,44836.354166666664,39171.62037037037,47004.818181818184,47274.55621301775,47041.13924050633,45710.734463276836,45207.4183006536,48248.34254143646,46782.5,45905.03448275862,47443.71197411003,46479.47252747253,47744.1,48163.99137931035,47696.412280701756,50029.85352112676,50055.24315068493,52208.73221757322,52890.120689655174,52043.208333333336,50467.39673913043,50941.200617283954,55628.41141141141,60886.217194570134,57991.936170212764,58353.8,52445.71707317073,51988.463541666664,52458.77419354839,56046.696682464455,56074.04714640199,58020.898924731184,58721.60434782608,63527.769230769234,63989.87339055794,63061.40084388186,63109.325,57810.75581395349,60856.390410958906,59673.32635983264,60831.21483375959,61953.954545454544,64097.661870503594,65875.37796976241,66690.17130620986,67744.49197860963,67716.93430656934,70077.25321888411,69780.4424778761,71371.59400544959,74308.73483535528,76482.20385674931,75868.75457875458,75589.76377952757,74333.1081081081,74250.0,77195.26946107784,87840.86444007859,86926.59090909091,83842.45283018867,72617.39130434782,52784.382352941175,70162.22222222222,62647.95918367347,69775.07246376811,75485.63218390805,83483.57142857143,89579.27756653992,93034.48753462604,93977.3037542662,92063.41463414633,97214.82352941176,95967.56505576208,95678.50265957447,89500.76923076923,89186.29807692308,90146.875,84479.52380952382,92346.875,102891.86858316221,95506.06060606061,105175.33783783784
서대문구,25190.384615384617,25510.743362831858,25875.600790513832,25637.26406926407,27412.536585365855,25541.898876404495,27463.892473118278,27299.59585492228,26646.98300283286,27370.068410462776,26221.270103092782,26458.059701492537,25323.71511627907,26204.814814814814,27218.325471698114,25876.751269035532,23501.496598639456,25896.043956043955,29789.769633507854,27538.832402234635,28217.31288343558,30106.637931034482,31737.00606060606,29434.375,31529.94210526316,33129.200980392154,33322.339869281044,33902.65427509294,36400.349137931036,34579.822222222225,35288.86021505376,39081.7868852459,36811.98181818182,34258.8,33506.583333333336,31912.0,34190.0,39287.32394366197,33733.066666666666,34764.166666666664,36943.38181818182,34445.34161490683,33888.58865248227,36276.95473251029,35996.321243523314,38288.88888888889,34643.255319148935,36733.17829457364,35419.78021978022,35933.66336633663,37045.71428571428,36765.611650485436,34796.08108108108,34724.05063291139,33953.846153846156,33245.53571428572,33792.10526315789,34473.09433962264,33974.375,40098.01829268293,35536.17058823529,34775.35519125683,35992.96296296296,35681.992,34223.296875,32295.339805825242,35953.66019417476,34898.21428571428,34320.52631578947,35342.78350515464,33215.46153846154,34680.927835051545,37950.0,33670.434782608696,33714.09708737864,37176.831460674155,33098.25925925926,30758.066666666666,34660.75,33139.81481481482,32023.338028169015,41383.32142857143,32246.071428571428,31494.242424242424,30054.955223880595,34849.34782608696,34475.26865671642,33761.68831168831,40177.37373737374,35286.09929078014,33086.721649484534,33539.03539823009,33108.9375,32780.205128205125,31932.312925170067,33501.62337662338,33995.80924855491,34329.817258883246,34639.895454545454,33676.48648648649,34747.76315789474,35744.857142857145,36322.49162011173,36426.750957854405,35865.648535564855,37031.25475285171,37988.02197802198,36936.58959537572,36127.66885245901,35146.881422924904,37005.293269230766,38185.517441860466,36846.88811188811,39171.732087227414,39683.94736842105,39266.96153846154,38677.869387755105,38617.45255474452,40384.148717948716,40986.778523489935,40774.43956043956,43210.186440677964,45824.337438423645,43129.53846153846,41528.62847222222,44026.00917431193,44837.07002801121,46572.76375404531,47015.61736334405,48244.68085106383,45743.730964467,45001.438848920865,44131.379310344826,43656.93142857143,45479.166666666664,47626.0,46813.79661016949,50267.933673469386,52024.00763358779,48655.22935779816,53562.2891566265,53622.706422018346,52108.03212851405,54101.698113207545,55255.75838926175,54220.21276595745,52220.13803680982,53912.33502538071,52751.91082802548,55942.96875,55441.83251231527,63014.27570093458,59596.92307692308,59051.83486238532,53428.0,57768.085106382976,48651.86153846154,50622.72727272727,52779.255319148935,57418.5393258427,58135.220588235294,68382.80423280424,72330.46762589928,71599.66887417219,70511.25,64788.971153846156,74719.00726392251,72781.26843657818,65454.82456140351,67886.0294117647,66310.7299270073,66881.6091954023,71344.62365591398,78667.81762295082,81454.4474393531,83393.57142857143
서초구,68271.07905138339,78446.6044362292,78232.03957783642,70703.52112676056,67621.71608832807,65134.068322981366,55346.21897810219,67288.32142857143,72424.24532224532,79175.55378486056,70796.36080586081,69759.64175257731,57686.330434782605,65041.344,58411.16216216216,56926.10344827586,63014.365853658535,73930.26744186046,70921.26589595375,67373.91666666667,73937.85950413223,71078.60679611651,73094.82352941176,71727.27325581395,69212.12234042553,70484.05524861878,67804.48581560283,68838.35616438356,68481.13545816734,69184.18181818182,66888.23308270676,74872.95145631068,73142.76136363637,75319.12903225806,77095.59770114943,71753.45098039215,71792.1198630137,75097.45945945945,81741.23799126637,88429.68138801261,86615.1365131579,84472.63942307692,85973.8223938224,87840.65071770335,85275.48400852879,81137.15458937197,73527.6397515528,92294.45547945205,96860.15654205608,94803.13669064749,89143.02090592335,85941.1605839416,89153.91891891892,82760.99212598425,98805.12352941177,85209.28662420381,90616.18115942029,84927.8172413793,92641.73664825046,94112.6604477612,85986.39719626168,80355.20967741935,85043.8007518797,87700.72246696035,92117.64035087719,88869.08810572687,87134.31052631579,82580.54639175258,84449.97487437187,84222.95541401274,81793.8953488372,87286.62790697675,77125.79047619048,82220.27950310559,84783.03571428571,91309.93793103448,79996.59162303664,76223.15,92364.74390243902,73824.34210526316,83133.07692307692,85812.4859437751,80906.01538461538,81566.24615384615,93990.26011560694,79740.95833333333,87625.00864553315,82614.03456790124,89670.11764705883,84874.044,86579.24528301887,85557.4705882353,82429.02027027027,77784.12359550562,85217.50625,81568.76303317536,89959.64125560538,86453.63470319635,88683.91666666667,86980.95019157088,87133.87984496124,83817.52905198777,90891.80291970803,90839.3232931727,94380.9381237525,86275.98850574713,91044.88448844885,89882.51873198847,90701.30164533822,89148.76543209876,93924.04508196721,95520.85822306239,98796.39748953976,96486.64120370371,92099.55608591886,93365.18597560975,99670.14523809524,96915.74257425743,105740.98958333333,104030.33201581027,97734.81944444444,90505.29646017699,104437.21590909091,103160.49907578558,109331.28877005348,110032.23168654174,107905.97669491525,110633.628,113990.46777546777,111570.58212058213,112074.85981308411,109739.1812865497,111806.49717514124,108500.74906367042,114126.02631578948,113938.97601476015,118253.4061696658,120366.49253731343,125489.1954887218,116248.29787234042,124878.38196286472,122293.64825581395,133310.0481927711,127479.65957446808,136230.95510835914,138753.02554744526,133508.45276872965,131557.6923076923,141491.39877300613,159206.7012195122,155167.41114982578,164733.3388981636,154679.21348314607,136797.85087719298,166121.875,131542.19298245615,141024.44444444444,150354.95238095237,166538.05970149254,155272.34375,162671.68539325843,164329.99425287356,163910.1,174143.16455696203,179818.8679245283,167730.4246284501,165580.64568764568,160326.51612903227,130294.58333333333,146170.57142857142,141983.3245614035,175779.5698924731,179802.20289855072,170373.85875706215,177614.52064220182,169573.33333333334
성동구,37031.18243243243,36394.67181467181,38827.64058679707,38033.02197802198,37790.119047619046,38117.82828282828,36619.95412844037,36902.083333333336,36736.403162055336,39223.0,40179.28716904277,41062.439024390245,39741.45299145299,39273.83516483517,42197.58064516129,41191.30434782609,37130.42168674699,40573.28244274809,43849.236641221374,39979.574468085106,41933.619047619046,42359.42622950819,43469.06474820144,41848.75714285715,40938.7037037037,42435.167464114835,42448.2523364486,44852.076305220886,47084.547511312216,45797.82383419689,47556.25252525252,47042.857142857145,45212.48888888889,50890.90909090909,45593.529411764706,47375.18518518518,45646.969696969696,46777.01612903226,46099.06474820144,48281.546762589925,47924.90990990991,48469.444444444445,47756.58671586716,46109.422492401216,48250.299625468164,47034.84962406015,46457.913043478264,47240.31932773109,46390.294117647056,48630.16949152543,48417.790322580644,45545.10638297872,48485.53846153846,48377.397260273974,44165.645161290326,44587.230769230766,42872.75,45541.08108108108,45035.4748603352,45427.720207253886,45064.840989399294,45970.22471910113,46223.54651162791,45533.730158730155,45234.91379310345,45499.70873786408,46495.953757225434,44147.391304347824,42695.86956521739,46957.751937984496,45380.89887640449,46504.819277108436,49951.51315789474,49835.52631578947,58780.70085470085,52298.75454545455,52072.64935064935,49412.37096774193,43146.551020408166,45568.149253731346,41700.23529411765,44382.81451612903,47628.96850393701,45530.75961538462,44292.73195876289,46061.62987012987,45862.57391304348,44301.69483568075,45826.764976958526,47456.7,42392.54867256637,47479.386503067486,48884.79262672811,49977.56976744186,46265.48387096774,52082.78828828829,48747.969348659004,54193.16272189349,50729.35691318328,50161.354545454546,48837.51633986928,44447.3544973545,47982.55319148936,52517.07865168539,49479.04199475066,51475.62727272727,53242.1641221374,50131.08764940239,48866.85294117647,50722.71212121212,51297.35213414634,47278.17424242424,54021.377604166664,53112.044041450776,54759.86945169713,53949.449838187706,53559.77811550152,54371.02870813397,57912.65476190476,55793.765432098764,51768.20987654321,54635.77222222222,56488.14935064935,53707.692307692305,59044.395161290326,56964.05882352941,56870.03913894325,59387.97169811321,58976.64907651715,61929.324894514764,63654.66981132075,64942.617021276594,65416.41791044776,60069.910313901346,61402.932098765436,65141.383219954645,66161.58258258259,65269.82343499197,66180.59294871795,69198.21428571429,70430.87445887446,70455.46255506609,72505.95854922279,74063.24257425743,79016.59157212317,73547.51366120219,65501.96610169492,86458.5,84371.69811320755,79479.24528301887,85547.77777777778,86788.61386138614,92341.04081632652,93328.82882882883,96181.63265306123,106835.52631578948,110951.19047619047,92687.03703703704,85336.53846153847,88219.58762886598,89477.33766233767,91904.70149253731,96805.99173553719,93875.36873156342,93380.03355704698,100578.014571949,97828.76893939394,101021.17647058824,93011.79611650485,99394.19014084506,105046.27814569537,103378.28947368421,103576.875,110199.8449612403,120785.16795865633,114117.09401709402
성북구,22435.455284552845,24088.650793650795,24934.149253731342,25233.32699619772,25182.110429447854,25708.96860986547,26560.55987055016,25026.649315068495,27711.207253886012,27427.36518771331,25265.46875,24878.097982708932,24649.427419354837,24854.892473118278,23655.704119850187,26120.983146067414,26775.964285714286,27114.74193548387,26953.147410358564,26622.87610619469,28750.102564102563,28927.118055555555,28339.25306122449,29832.696078431374,30465.35714285714,28712.703583061888,32079.23469387755,35035.55172413793,35341.348314606745,37619.75683890578,36362.98795180723,36048.72881355932,32810.24096385542,37979.782608695656,34953.125,38323.13725490196,34332.78350515464,34385.27027027027,33573.54954954955,35638.30115830116,34134.56028368794,36372.73841059603,34518.34527687296,36519.399538106234,36266.15853658537,35046.25,33696.71532846715,34782.09459459459,34795.648148148146,35627.32142857143,36177.38693467337,33825.94696969697,33454.62365591398,32873.64864864865,35076.333333333336,33571.698113207545,33532.7,33904.32203389831,34699.61073825503,36210.542207792205,35180.05787037037,34897.3935309973,42556.31754874652,37205.94418604651,37736.25961538462,35115.49295774648,35751.84065934066,35663.097472924186,37915.957627118645,35505.67661691542,35893.942307692305,35149.30722891566,36732.41610738255,35113.52525252525,34755.47767857143,34513.070175438595,32850.11235955056,34490.67105263158,34508.21296296296,32980.15267175573,32436.77456647399,33823.09756097561,32887.9765258216,35046.976331360944,32342.539682539682,34906.33484162896,32918.67692307692,33826.994652406414,34615.67819148936,33002.22591362126,33196.45161290323,33123.3008356546,35128.421471172966,35292.51106639839,36037.91780821918,36390.40506329114,35642.593659942366,34841.85430463576,35739.38526315789,36682.66761363636,35610.45033112583,35552.024539877304,36632.5340599455,35590.72594142259,36373.18736842105,36920.219665271965,37848.66835443038,37098.28571428572,35986.343434343435,37409.641975308645,37976.2908045977,38093.449050086354,38550.27307692308,39294.92917369308,40245.954545454544,40421.85110663984,41827.34693877551,42315.067720090294,41022.96819787986,41092.181818181816,41204.10599078341,39732.857142857145,39559.40730337079,43994.03885480572,41973.63242009132,41519.61319073084,42679.770370370374,42778.4819047619,44323.57507987221,44478.006525285484,45371.58074534161,45129.35537190083,43782.72258064516,42585.59670781893,43542.907608695656,44536.458333333336,39470.46641791045,45034.113602391626,45517.0661971831,43876.9727520436,44946.53101736973,45921.22112211221,46654.57070707071,46557.096774193546,47616.13376835237,48532.40058910162,48523.948387096774,49163.702623906705,47350.929487179485,49195.98901098901,49756.78670360111,52458.45637583893,52898.35380835381,54135.365853658535,50499.166666666664,51589.375,50821.617021276594,49223.16455696202,55286.70212765958,53796.153846153844,54213.08724832215,56819.31939163498,57750.80812641083,59280.569306930694,59420.97643097643,59508.91803278688,60732.65802269044,60575.09493670886,58110.06711409396,62652.23938223938,62175.79831932773,59556.959064327486,62382.549019607846,68920.45346062053,73888.20393559929,72139.83957219252
송파구,60867.77183600713,61947.15993265993,63101.83518705764,55443.85141903172,51603.87640449438,50760.756345177666,46533.20348837209,54282.67753623189,57832.264742785446,64527.1177631579,58340.648030495555,58003.50104821803,47537.587096774194,51683.14388489209,34615.8870967742,56872.75409836065,60335.39634146341,62538.267441860466,54542.84375,53435.857142857145,62539.106741573036,59662.02755905512,62232.118226600986,67656.61471861471,62695.83783783784,59708.70075757576,59212.89434889435,61722.31067961165,61213.22041763341,62207.83887468031,60748.21717171717,58278.6,52854.31428571429,61072.99099099099,62037.06976744186,64236.779735682816,66066.96666666666,67634.90392156862,66076.62076271187,69392.66242937853,70412.08582089552,70126.3002610966,67408.28698752228,68635.7463768116,69317.99116997792,68961.42857142857,62505.248780487804,69087.15772870662,74855.80829015544,63720.5350877193,60292.70048309179,66798.76033057852,64695.53571428572,68088.31395348837,73483.24468085106,68024.46808510639,68013.55504587156,71731.96286472148,69941.974609375,71654.5423076923,65002.752118644064,66293.4899713467,63591.16603773585,65140.621276595746,65297.18957345971,65968.87336244542,67684.01038961038,66530.88888888889,63751.94661921708,68956.78963414633,67889.06993006993,68948.47706422018,62301.98918918919,64011.64143426295,63902.10526315789,65870.39568345324,65446.16949152543,65066.19047619047,63015.886227544914,60540.142131979694,66139.42148760331,65066.85393258427,64298.09976247031,62809.90909090909,62381.015037593985,65803.19095477388,63522.38421955403,65105.73007246377,60970.53892215569,58474.42936288089,57842.10526315789,64724.01983002833,64909.544468546635,64819.41553398058,65555.02994011976,64354.77690802349,63417.730769230766,63708.93175074184,63865.586956521736,61905.656565656565,62508.85375494071,63386.92452830189,63475.0,64557.99674796748,65621.83942766296,63543.67704280156,59102.95847750865,61034.384384384386,61154.72027972028,64022.15517241379,63963.173678532905,64531.33040935673,66807.54843517138,67244.73794212218,67220.07267441861,65570.60886319846,70085.32491582491,72639.2738386308,70489.1,68881.73702422145,66808.3320754717,64338.39446366782,70741.91235059762,74046.11169513798,77067.57596371882,74288.30243445693,72504.49679075739,76532.09814323607,78036.20573566084,76640.02267573697,67773.68770764119,71433.47482014388,70280.54945054946,76163.87006960557,74294.875,78586.48025477707,85961.83370452859,79521.16809116809,86885.51423324151,81492.01680672269,93933.85067114094,88683.14065510598,95070.89804469273,93957.5811965812,97452.23069207623,93021.88811188811,90125.68123393317,88760.05154639175,88132.8125,92896.99453551913,112207.98507462686,107266.5611814346,106178.57142857143,93088.17647058824,88031.48148148147,85390.31578947368,109861.875,108202.29885057472,118552.06703910614,117534.91197183098,123954.46386946387,122085.03415300546,116894.33467741935,114394.00516795866,118971.03497615263,121089.33614330874,125755.7016029593,119975.3821656051,103264.59090909091,119472.17270194986,112310.06849315068,123070.33333333333,140017.59420289856,132264.44186046513,119810.28961748634,116326.12068965517
양천구,46982.04724409449,47222.17721518988,46219.299900695136,37982.27401574803,36848.070175438595,30152.2331838565,28665.824561403508,29685.498507462686,39994.65105008078,46583.83385909569,40489.23417721519,36125.47471910113,31988.677215189873,32411.290322580644,24776.36144578313,33395.444444444445,39852.0,42693.95789473684,32777.723577235774,35817.19487179487,38875.51176470588,38296.55172413793,41799.08482142857,43461.95431472081,39117.74193548387,35380.894941634244,38622.85952380952,41591.13829787234,40285.995623632385,39365.276243093926,38202.701657458565,41589.53488372093,44747.36842105263,45511.71875,50059.40594059406,52134.88372093023,56407.28459530026,55090.40920716112,57443.634969325154,55816.817531305904,48926.147959183676,53177.54616895874,53758.678260869565,53092.59933774835,46874.847006651886,43560.83259911894,45471.82558139535,50675.15853658537,53390.271875,50901.51322751323,46528.56043956044,52639.0,42390.35398230088,48383.60655737705,50180.608695652176,56433.464566929135,51333.744680851065,53661.907051282054,56447.740112994354,55951.2125748503,52921.95015576324,45567.91570881226,46271.47104247104,53267.2717948718,50792.35751295337,46164.096385542165,50203.241758241755,45271.52195121951,42724.69709543569,47881.954337899544,47539.03703703704,51368.329545454544,46398.65151515151,47800.57391304348,45882.990909090906,41802.34090909091,51720.56157635468,42538.28828828829,49676.48453608248,43244.75247524752,44780.60989010989,50088.43621399177,45955.42533936651,44773.72881355932,43420.49689440994,41031.50289017341,45321.724137931036,47043.56707317073,46908.60655737705,44672.54430379747,36075.0,40605.17716535433,46535.75851393189,46788.282548476454,45278.41726618705,47355.048859934854,47666.41104294478,44670.86772486773,46393.018867924526,46964.072398190045,47694.39024390244,46156.08490566038,45645.6,46195.963302752294,49641.274131274135,47716.26436781609,45525.0,44892.61132075472,42265.72559366754,45864.981609195405,45397.681818181816,47149.96551724138,46030.90517241379,48790.05670103093,46313.016393442624,46754.55863539445,49590.51181102362,52331.63636363636,56221.06094808126,51667.72388059701,46367.670682730924,45214.15111111111,44639.934782608696,53726.82653061225,53272.32330827068,57914.850855745724,52874.377104377105,55802.06463195691,57134.17857142857,57279.542124542124,51428.17490494296,54334.5,49682.48366013072,49941.333333333336,54102.60490463215,59023.28767123288,66492.75700934579,61575.59633027523,64337.51824817518,55797.10526315789,58578.46153846154,65955.49295774648,75253.88704318937,71026.6129032258,63496.35701275046,58564.94382022472,53588.36389684814,55819.66960352423,55996.9465648855,61623.43234323432,73470.95238095238,78320.34104750304,72052.00617283951,65401.16279069767,61322.560975609755,61945.76271186441,67215.47619047618,66762.5,74516.16541353383,77264.62264150943,88169.20152091255,94171.16336633664,85089.40298507463,78555.15463917526,83931.88775510204,88765.4222972973,87590.84142857142,79146.45776566757,68753.89121338913,68002.02572347267,66220.8383233533,78099.04347826086,83384.12601626017,90787.48159057437,96035.40372670807,91613.84615384616
영등포구,36122.14511041009,32919.401041666664,33334.43349753695,35011.69662921348,33926.28787878788,32220.0,29263.319672131147,31770.816326530614,33170.65969581749,40519.496143958866,39013.834285714285,34213.71986970684,30972.477941176472,28664.333333333332,32937.18834080717,30794.20731707317,31729.103703703702,33851.51445086705,34030.054298642535,35171.31979695432,34548.161676646705,40090.838345864664,39457.24892703863,42113.6368159204,37886.482071713144,40513.18951612903,42020.262376237624,40594.209251101325,42756.03482587064,41134.49367088608,41658.642857142855,38880.68493150685,43357.07865168539,42693.0,38417.12244897959,39947.67441860465,56307.4358974359,48278.73737373737,45744.795918367345,51614.37185929648,51318.55685131195,48028.33516483517,43378.87438423646,44390.76382978723,45357.205882352944,45612.21649484536,50568.30065359477,46576.34285714286,47207.01754385965,47741.42857142857,42747.744318181816,42365.86956521739,48517.68421052631,48914.0,49463.02631578947,51268.21686746988,51694.35555555556,55432.20994475138,51380.794117647056,48930.19029850746,47441.32214765101,47460.701550387595,45338.208163265306,42700.1217948718,47366.82098765432,43443.431137724554,46760.29518072289,44749.97584541063,44140.362068965514,41685.83850931677,44637.05298013245,47746.91428571429,41851.495652173915,32620.25,30643.445692883895,43318.7012987013,44167.957746478874,40384.32978723404,41347.18666666667,35908.58024691358,43634.393939393936,42999.52631578947,41606.666666666664,40794.92753623189,43892.608,45670.9219858156,40534.55516014235,38944.29562043796,40260.24166666667,38358.319248826294,32935.292207792205,37188.13471502591,39160.359872611465,43325.97763578275,41677.88038277512,42255.2695035461,40310.68954248366,37882.98585858586,42996.35924932976,41773.858921161824,40862.11885245902,41535.14090909091,45911.229508196724,45206.8927444795,40397.90047393365,41311.623762376235,40347.63265306123,40373.433691756276,41643.72588832487,41137.50753768844,41640.55300859599,44228.796875,43211.566810344826,42295.66875,46389.017021276595,47584.425480769234,46709.34052757794,45826.95071868583,45852.27272727273,46819.208333333336,46337.31775700935,45150.0,45475.03597122302,49074.8291571754,49847.60460251046,50114.34163701068,48955.30701754386,51797.974137931036,53732.79914529915,53525.066666666666,46362.0350877193,51738.741721854305,48219.25,47733.22580645161,51764.04096385542,57200.15037593985,53996.05863192183,53856.79012345679,59778.95437262357,55722.55135135135,58973.45132743363,58027.147651006715,59678.59195402299,64623.50476190476,67526.00490998363,63061.60765550239,63889.695,64277.542372881355,61967.669902912625,66010.63106796116,75371.41538461538,69454.65050505051,73445.24096385542,64625.81967213115,52127.811594202896,59904.166666666664,61487.71929824561,55325.0,60510.60759493671,74530.25806451614,83201.51515151515,59642.19184652278,84303.34346504559,74810.87328767123,83064.87364620938,81971.67770419426,82619.80263157895,78141.90531177829,74857.51633986928,79966.66666666667,79559.52054794521,77316.11570247934,87038.08510638298,93673.63636363637,93301.54963680387,89142.80303030302
용산구,60957.042253521126,59006.37254901961,60022.16025641026,54839.85507246377,49542.88679245283,47125.97247706422,44817.549019607846,49168.34645669291,54893.8093220339,67825.9151943463,61343.270833333336,57868.34782608696,45926.92307692308,52692.57692307692,49152.542372881355,53825.02752293578,54908.22784810127,71716.04938271605,59664.83516483517,56603.960396039605,62582.25806451613,63310.09090909091,74117.5,84108.86075949368,65790.68493150685,64894.2027027027,65796.02586206897,75069.47252747252,73314.22222222222,73028.88888888889,73598.0,84524.07407407407,71035.18518518518,67304.28571428571,77935.375,96041.625,80966.0,75538.58695652174,87666.5,78496.33333333333,75466.66666666667,90052.51145038167,88255.90551181103,81715.08875739644,80406.82394366198,77334.82142857143,95241.91176470589,86818.22916666667,77021.27659574468,87715.9420289855,87104.73684210527,87293.18181818182,82435.13513513513,86669.69696969698,89995.3125,73301.35135135135,86074.7,68128.35820895522,69957.86516853933,80101.30841121495,67364.44444444444,80657.13725490196,91418.02325581395,83418.94736842105,76748.1,80704.80769230769,65211.70212765958,66975.0,73175.0,66692.02898550725,72875.69230769231,67178.67647058824,68459.75,82064.6551724138,70542.33870967742,81495.83333333333,64441.666666666664,70332.9268292683,64587.179487179485,60317.74193548387,75373.775,75988.98305084746,69164.74137931035,63159.30434782609,58073.913043478264,70508.18181818182,72581.86363636363,64784.756097560974,69429.65909090909,70381.81818181818,71103.33333333333,60779.6875,62735.26315789474,63922.07920792079,74942.53086419753,60083.675,77651.9298245614,76631.03703703704,61465.28409090909,104321.7,72476.52631578948,78435.1375,80156.18446601942,71641.65584415584,73834.4491017964,85365.94615384615,78317.41176470589,69357.69696969698,78900.9493670886,72384.66257668711,71412.80479452055,73421.22857142857,71325.51612903226,73432.5527638191,83591.67156862745,80889.55704697987,80280.12658227848,83662.43975903615,89197.85714285714,80975.68103448275,93615.76923076923,96554.7125,79449.4625,82433.35096153847,113736.34603174603,101977.36217948717,96354.73529411765,96121.07024793388,93753.43666666666,99521.52314814815,86212.176,120265.36781609195,105528.75757575757,99299.05673758865,91910.47846889953,92558.94036697247,101684.65121412804,106562.4440433213,107013.68370607028,116195.5,150606.97222222222,108219.99047619048,138563.0177514793,109729.95238095238,117009.28967254408,110669.28846153847,122409.40860215054,129585.13513513513,119799.43220338984,104753.30188679245,147541.2989130435,158363.399103139,164062.73333333334,181923.50980392157,170352.39024390245,144254.16666666666,203145.83333333334,172710.42105263157,184057.25,148409.37837837837,180984.4563106796,136721.578313253,152353.89784946237,157639.23015873015,145376.6739130435,154222.8598130841,150656.76605504588,131530.7168674699,123457.82352941176,138880.5875,122145.91891891892,141035.48387096773,150167.584,161980.9884169884,141634.8882681564,142083.33333333334
은평구,20890.338983050846,20785.83823529412,19337.5,21028.056338028167,22059.379310344826,22471.640625,21041.885245901638,21449.632183908045,21444.71986970684,24078.746397694526,22721.14640883978,24404.550420168067,23094.474137931036,22428.20512820513,23245.88202247191,23125.862068965518,25143.650793650795,25407.721088435374,24409.23976608187,24193.7125748503,25839.632352941175,25161.242603550298,26018.14383561644,26127.24358974359,28330.76923076923,25732.341040462426,28914.197530864196,30637.569288389514,29577.90776699029,31072.830769230768,33536.267045454544,35010.96153846154,43052.87096774193,44693.886597938144,40771.37313432836,37693.17910447761,40266.598984771575,35987.24630541872,45145.910798122066,37148.875,37870.493506493505,36551.00675675676,37281.73417721519,32860.875,32612.24043715847,35042.36274509804,39206.8375,32562.08219178082,37596.19696969697,40390.09146341463,42284.16504854369,37870.846774193546,38893.51219512195,40254.63953488372,45931.22330097087,46864.088050314465,42914.867469879515,41253.43820224719,42869.750972762646,40066.07317073171,40122.54298642534,37890.33196721312,35398.14018691589,34704.416149068325,34943.01369863014,32971.50769230769,35581.9126984127,40227.095,36971.86178861788,35058.66355140187,38397.1796875,36556.705357142855,36699.38888888889,35479.36363636364,33130.30405405405,31582.213483146068,38349.12087912088,38574.267441860466,34570.28571428572,30041.652777777777,32255.306306306305,31520.588957055214,37299.391304347824,35220.22699386503,35102.41044776119,35870.770370370374,33472.729508196724,35114.72619047619,33744.65648854962,33773.71212121212,33034.625,32299.387640449437,35164.92765957447,33528.58762886598,35651.35555555556,31912.989361702126,33512.675799086755,34836.18110236221,33820.96917808219,36104.23560209424,34600.96385542169,35699.075,35395.09950248756,35021.90833333333,34784.79470198676,33747.65900383142,32923.394366197186,33153.44886363636,35475.61983471074,34989.758409785936,34305.90103092784,35752.7575,36489.95731707317,34201.18465909091,37705.06432748538,35443.181506849316,38242.6641509434,37052.758730158734,38607.707509881424,39128.69469026549,35849.52427184466,35847.95045045045,35710.64705882353,39229.96610169492,39248.373177842564,41635.69285714286,41421.93012048193,44254.22699386503,41541.99449035813,44669.63523573201,42554.06103286385,44715.58783783784,38278.325,39646.91794871795,39788.70085470085,41486.938223938225,42823.99140401146,44669.093655589124,45680.631868131866,42771.79381443299,43386.24338624338,44979.19075144509,46324.75138121547,46245.444444444445,47971.42857142857,47949.430555555555,42676.28031809145,46227.316017316014,48436.90763052209,48983.307947019865,51332.9375,53029.92217898833,53746.45390070922,44806.43703703704,43964.28571428572,45050.0,44076.767676767675,44523.36363636364,46016.145833333336,45606.83760683761,51261.61616161616,46387.5,51979.09547738694,51781.77215189873,50017.637209302324,56106.956647398845,55006.942708333336,59257.20648967552,56470.57692307692,55645.40960451977,55338.67647058824,48594.0,57516.1186440678,63989.70909090909,66762.83673469388,66945.57823129251
종로구,25638.416666666668,31021.86842105263,31680.315789473683,26171.0,30940.33962264151,27945.945945945947,29255.555555555555,25514.685185185186,28891.98795180723,26126.00925925926,29456.88679245283,30444.810126582277,32610.29411764706,33754.0,28616.17021276596,32616.285714285714,35764.8275862069,32080.74074074074,31651.08108108108,24856.976744186046,28368.227272727272,31541.563636363637,34365.825,35004.166666666664,35638.243902439026,31144.589285714286,33549.2027027027,36464.84375,44527.0,34883.11111111111,46231.03448275862,42505.25925925926,41219.19047619047,43343.083333333336,35847.22222222222,44863.63636363636,55793.09090909091,40998.8,39221.17647058824,47574.27272727273,44335.769230769234,42965.08823529412,43978.63636363636,43217.30158730159,51800.555555555555,45805.94594594595,50705.416666666664,50396.07142857143,44233.6,40598.333333333336,45002.708333333336,46603.44827586207,45163.88888888889,47761.294117647056,35300.0,45532.77777777778,43460.71428571428,38848.09523809524,49708.86363636364,42384.0,49776.27450980392,49126.041666666664,45150.73529411765,47370.666666666664,54040.0,43222.41379310345,41477.19047619047,43886.2,37322.65625,41600.05405405405,57050.8,46494.0,37027.27272727273,70524.35416666667,49112.903225806454,43962.44736842105,51682.64102564102,49943.68965517241,42349.85106382979,48920.88888888889,48238.63636363636,56422.25,57939.795454545456,51106.27027027027,55450.25,54539.606060606064,55031.36363636364,55481.34782608696,47828.62295081967,60392.10810810811,64153.818181818184,64354.63888888889,44881.47692307692,36385.08571428571,43609.27906976744,37235.333333333336,50004.53703703704,43559.91525423729,43911.86567164179,34778.36734693877,40612.89473684211,44933.90243902439,45975.813953488374,48234.49275362319,38672.71428571428,47603.35820895522,49317.96875,50576.307692307695,45624.0,43645.20547945205,46685.24590163935,41756.93548387097,51361.75675675676,55365.555555555555,46173.818181818184,42731.69491525424,50158.80597014925,55970.67567567567,60209.74137931035,47672.04081632653,47643.333333333336,72260.34545454546,68366.55384615385,51704.705882352944,54538.61111111111,47364.756097560974,45769.10256410256,49822.247191011236,53042.825,58391.3717948718,56782.72727272727,55468.62745098039,59018.90566037736,48487.27272727273,52477.605633802814,55263.51851851852,55769.470588235294,58192.47872340425,59718.950980392154,50284.69387755102,57690.53571428572,55980.97777777778,60632.84722222222,60667.391304347824,62482.61363636364,65310.23809523809,58759.230769230766,61657.558139534885,56259.137931034486,56879.63636363636,48211.846153846156,69981.60714285714,63324.42857142857,58722.44827586207,69540.62068965517,62163.63636363636,46044.444444444445,54009.375,61852.94117647059,69083.33333333333,73722.0,77372.0,86540.86956521739,75372.32142857143,94758.30188679245,91485.375,82429.18604651163,84162.31707317074,65872.85714285714,68571.57894736843,69135.5,66676.0,79608.8679245283,90424.33628318584,89457.91666666667,98633.33333333333
중구,37627.0,37440.56140350877,40689.51612903226,40489.0,40356.25,37035.86956521739,34846.153846153844,37481.11688311688,37765.19090909091,41888.97435897436,37469.230769230766,33679.137931034486,32070.754716981133,38866.666666666664,29730.6,39764.77272727273,33017.27272727273,34071.25,35904.65957446808,41774.25581395349,32189.88888888889,32192.566666666666,34962.264150943396,31554.134615384617,35063.269230769234,37360.46511627907,38136.51685393258,41762.64367816092,45050.54054054054,44698.771929824565,57764.34782608696,43985.71428571428,43800.0,42382.35294117647,58613.0,50103.0,46968.333333333336,48496.153846153844,42648.181818181816,46584.21276595745,50202.69736842105,45822.43243243243,42044.565217391304,46154.83561643836,48340.58064516129,44280.35135135135,47273.0,53471.84210526316,55494.73684210526,60052.65853658537,56637.25,46163.333333333336,39867.5,57622.0,62379.52,53709.52,44625.71428571428,47415.217391304344,45772.45,46829.45205479452,45255.08474576271,44749.107142857145,44698.0,45514.28571428572,45783.61111111111,43435.114285714284,55280.117647058825,44632.88636363636,48785.9375,46189.0625,40332.28947368421,46325.0,45516.84,49283.12244897959,58430.77777777778,50690.975,45544.71428571428,54730.333333333336,80455.26530612246,51964.91176470588,56946.62962962963,54473.833333333336,51275.0,42556.1935483871,49535.21052631579,46019.78787878788,51706.07142857143,41319.48051948052,54123.15853658537,69140.01176470588,53179.95,50769.11111111111,52660.688888888886,52546.706422018346,60469.030303030304,57993.58585858586,57266.444444444445,51423.73737373737,47829.65060240964,56000.453125,49362.5,47548.64864864865,46644.102040816324,43288.66292134832,52133.181818181816,49002.31481481482,50835.0,50099.82456140351,45466.30434782609,52235.4,51456.7816091954,51610.453125,53949.22222222222,54186.48387096774,56800.541935483874,56762.583333333336,55849.72727272727,56430.907692307694,54569.765957446805,54202.40540540541,56966.41025641026,53920.71428571428,58716.65048543689,54555.92810457516,58952.85135135135,62267.38970588235,61528.56338028169,66414.13953488372,63571.862068965514,66806.35087719298,61363.0243902439,55342.88333333333,58537.78,64760.416666666664,56936.413043478264,55517.752808988764,60922.784810126584,64137.54143646409,60382.51875,54850.78125,60457.425742574254,65902.34375,65046.28395061728,62282.31707317073,60006.0546875,64016.153846153844,67054.9645390071,74387.01298701299,63893.333333333336,66595.23809523809,69222.64367816092,80708.08823529411,83165.05376344085,82021.42857142857,77504.16666666667,75341.17647058824,70986.95652173914,68177.27272727272,74380.35714285714,78373.17073170732,63930.833333333336,76929.22077922078,80907.11538461539,81202.05479452055,87497.56097560975,80641.57051282052,84676.39751552795,80143.23529411765,83436.86746987952,86753.9010989011,76315.83333333333,83017.14285714286,86844.44444444444,90766.08695652174,93026.08695652174,94532.43243243243
중랑구,18774.061855670105,19857.90055248619,19528.205278592377,20058.73103448276,21313.88495575221,20791.29943502825,18966.114457831325,20068.75912408759,20163.674129353232,21156.51145038168,20586.68238993711,20679.444444444445,20508.090476190475,19550.625,19570.268361581922,19364.262411347518,20815.908629441623,21700.419847328245,22335.767801857586,21422.450980392157,23465.56053811659,22772.957142857143,24494.217777777776,24003.02395209581,24181.017021276595,25203.624161073825,27624.48121645796,30362.345153664304,32595.77868852459,32750.0,30405.263157894737,30540.657894736843,27544.897959183672,26285.0,26810.526315789473,27542.105263157893,30775.0,28163.552631578947,29047.058823529413,29415.454545454544,28131.798561151078,27673.91176470588,29129.108695652172,30517.597173144877,31549.529914529914,29213.69230769231,28493.720930232557,28392.30769230769,29502.5641025641,28268.532110091743,30046.797297297297,30416.826923076922,30592.169014084506,28964.16176470588,28643.260869565216,27146.081632653062,29612.10447761194,28435.416666666668,28933.575221238938,30635.20979020979,30198.71978021978,30769.627906976744,30470.32682926829,31430.25,28721.85185185185,28823.214285714286,28852.793333333335,28227.61111111111,28602.573529411766,30038.1679389313,31796.017699115044,32243.15322580645,37623.86776859504,29728.08064516129,29306.85714285714,26906.619047619046,28522.37623762376,27258.17,26178.484848484848,28695.081967213115,27057.99065420561,26672.016129032258,27352.442748091602,26978.73469387755,27499.67391304348,26412.81746031746,27697.485714285714,28415.26066350711,28718.26923076923,26974.782608695652,28242.03738317757,28617.94797687861,29060.10612244898,30216.472,28675.58064516129,30373.78832116788,27851.761363636364,28599.667774086378,28152.80144404332,28199.921465968586,29251.91503267974,28959.791443850267,28193.808450704226,33953.166666666664,31239.81288343558,31127.59281437126,32594.35849056604,32046.20853080569,28875.960912052116,29687.947882736156,29694.7495256167,29783.032418952618,29860.963855421687,31073.89880952381,29516.339066339067,31460.349673202614,31694.63703703704,28747.257142857143,30617.987012987014,30999.320987654322,30423.235294117647,30157.821229050278,30940.89928057554,30770.187969924813,32818.245614035084,34349.25142857143,32096.65993265993,32024.651810584957,33183.0664652568,33156.457765667576,32903.896713615024,33460.71428571428,34142.86666666667,33033.14009661836,33109.69465648855,34011.29010238908,33661.55913978495,35767.12034383954,35657.6376146789,36060.180995475115,36280.75221238938,36028.290155440416,36099.59583333333,37884.057971014496,37718.42541436464,38316.495176848875,38623.32467532468,37449.72972972973,38726.63551401869,38059.9537037037,40175.0,40735.686274509804,42508.86785714285,42849.69135802469,40487.857142857145,38486.92307692308,40897.4025974026,40248.87096774193,42727.441860465115,43145.22123893805,44348.706896551725,43435.625,45926.458333333336,47034.11016949153,46378.45188284519,47185.16923076923,48370.41198501873,39134.46511627907,46616.45569620253,48262.307692307695,49005.79710144927,44843.01470588235,44479.864253393665,51948.166311300636,52974.31884057971,52790.86956521739
